Link,URL
art_of_degeneracy,/art_of_degeneracy/
usita.c,/usita.c/
mananp_,/mananp_/
blasterzard,/blasterzard/
carterkirilenko,/carterkirilenko/
janerkimm,/janerkimm/
louis_eng_,/louis_eng_/
___lte___,/___lte___/
fedsuw,/fedsuw/
theycallmealisaleh,/theycallmealisaleh/
mccrackenkbridget,/mccrackenkbridget/
jaredning,/jaredning/
whinniechan,/whinniechan/
hellajoule,/hellajoule/
_julieenguyen,/_julieenguyen/
multifawceted,/multifawceted/
uw.ur.space,/uw.ur.space/
kidfriendlyfireworks,/kidfriendlyfireworks/
sohana.a,/sohana.a/
names2hard4you,/names2hard4you/
kctran99,/kctran99/
simhayer,/simhayer/
4ourname,/4ourname/
denisasuteu,/denisasuteu/
jamysis,/jamysis/
ticklemecows,/ticklemecows/
shortegu615,/shortegu615/
steven.jcao,/steven.jcao/
arbussociety,/arbussociety/
zoubair.n,/zoubair.n/
radsal25,/radsal25/
sammykapoor11,/sammykapoor11/
billy_sun20,/billy_sun20/
wenz__w,/wenz__w/
martinolawino,/martinolawino/
be_famous_pro_opa750,/be_famous_pro_opa750/
shirli.temple,/shirli.temple/
billysun20,/billysun20/
domi187_,/domi187_/
bridgetkmccracken,/bridgetkmccracken/
ltlaznb0i,/ltlaznb0i/
kloooow,/kloooow/
vic.tru,/vic.tru/
shaamil_chande,/shaamil_chande/
linky317,/linky317/
shahryarkhan7,/shahryarkhan7/
kuzdoan_1,/kuzdoan_1/
beardrinkerz,/beardrinkerz/
usama_medafyzz,/usama_medafyzz/
joshblack1217,/joshblack1217/
adamissexybeast,/adamissexybeast/
normanwan,/normanwan/
sarpnurgel,/sarpnurgel/
webbitlu,/webbitlu/
sxn_sng,/sxn_sng/
inked_ishan,/inked_ishan/
lilyyliu,/lilyyliu/
andrew_jhy,/andrew_jhy/
henryjiang1997,/henryjiang1997/
yixuan_huan,/yixuan_huan/
mysterytony,/mysterytony/
janettangie,/janettangie/
a_khan176,/a_khan176/
sfikree607,/sfikree607/
reckoningreckoner,/reckoningreckoner/
ahmednoohh,/ahmednoohh/
silverhedzdom,/silverhedzdom/
mohsinali97,/mohsinali97/
sanjnarajput,/sanjnarajput/
eric.h.chen,/eric.h.chen/
deven1234321,/deven1234321/
angad_ssingh,/angad_ssingh/
shehnoor.nasir,/shehnoor.nasir/
rxpinderl,/rxpinderl/
priyakgehani,/priyakgehani/
s_ashwin5174,/s_ashwin5174/
chenpaii,/chenpaii/
chrayz,/chrayz/
kabir_97,/kabir_97/
jamesmingikim,/jamesmingikim/
isaak.man,/isaak.man/
edgarjr8,/edgarjr8/
hojematoje,/hojematoje/
salahelkhidir,/salahelkhidir/
_raorxd,/_raorxd/
hankarooo,/hankarooo/
brianna_la,/brianna_la/
asaad.6ix,/asaad.6ix/
nsheth_97,/nsheth_97/
john_yany,/john_yany/
dean_dzoja,/dean_dzoja/
ryan_vanderveer,/ryan_vanderveer/
andoroyce,/andoroyce/
dio_dio_dio,/dio_dio_dio/
_curtisstroud,/_curtisstroud/